Technology/Innovation,Implementation Year,Accuracy Improvement (%),Cost Reduction (%),Time Efficiency Gain (%),Service Life Extension (years),Market Size 2024 ($Billion),Key Performance Metric,Primary Application,Technology Maturity
AI-Enhanced Bridge Inspection,2023,95.12,30,60,10,1.2,Pothole detection: 95.12% accuracy with thermal cameras,Damage Detection,Commercial
Ultra-High Performance Concrete (UHPC),2024,85.0,33,40,25,0.8,Material cost reduced to $500/ydÂ³,Bridge Repair/Construction,Mainstream
IoT Sensor Networks for SHM,2024,96.0,25,75,15,4.478,Market growing at 14% CAGR to $16.6B by 2034,Continuous Monitoring,Growth
Digital Twin Technology,2024,98.0,40,50,20,2.1,Up to 2000% ROI potential for cable monitoring,Predictive Maintenance,Emerging
Accelerated Bridge Construction (ABC),2023,80.0,50,75,5,3.5,50-75% reduction in construction time,Rapid Construction,Established
Fiber Reinforced Polymer (FRP) Components,2024,90.0,20,30,50,0.6,100-year design life with corrosion immunity,Corrosion-Resistant Components,Mature
Precast Concrete Systems,2024,85.0,35,60,10,2.8,50% reduction in construction schedule,Modular Construction,Established
Real-Time Scour Monitoring,2024,92.0,45,80,15,0.4,Real-time monitoring prevents bridge failures,Scour Prevention,Developing
Drone-Based Inspection,2022,87.0,58,58,5,1.5,58% reduction in diver inspection time,Remote Inspection,Commercial
Machine Learning Damage Detection,2024,94.0,35,70,10,0.9,Sub-millimeter crack detection capability,Automated Assessment,Developing
Wireless Sensor Networks,2024,88.0,30,65,12,1.8,Frequencies up to 400 Hz monitoring capability,Real-Time Data Collection,Growth
Prefabricated Modular Systems,2024,82.0,40,50,8,1.3,6-12m span capability with minimal joints,Quick Installation,Commercial
